case,rep,prefill_tps,gen_tps,mtp_cycles,mtp_accepted,mtp_pct,last_T,last_gpu_ms
depth_2,1,1417.42,64.28,225,158,70.2,T=2,23.652
depth_3,1,1301.56,60.71,180,133,73.9,T=3,28.825
depth_auto,1,1307.77,62.95,222,157,70.7,T=2,24.891
no_fuse,1,1267.01,43.28,0,0,NA,T=1,20.111
no_mtp,1,1257.77,47.92,0,0,NA,T=1,20.000
no_mtp,2,1265.73,47.88,0,0,NA,T=1,19.806
no_fuse,2,1264.60,43.34,0,0,NA,T=1,19.957
depth_auto,2,1260.01,59.90,222,157,70.7,T=2,25.064
depth_3,2,1242.42,56.00,180,133,73.9,T=3,31.520
depth_2,2,1256.05,59.47,225,158,70.2,T=2,25.310
